{
    "Sandbox": {
        "Habo": {
            "results": {
                "TPR@0.1%FPR": 12.344323493427863,
                "TPR@1%FPR": 37.30589453210779,
                "TPR@5%FPR": 42.5698779684412,
                "AUC": 93.33605664632817
            },
            "results_1": {
                "TPR@0.1%FPR": 12.344323493427863,
                "TPR@1%FPR": 37.30589453210779,
                "TPR@5%FPR": 42.5698779684412,
                "AUC": 93.33605664632817
            },
            "results_2": {
                "TPR@0.1%FPR": 0.06274116133889637,
                "TPR@1%FPR": 1.0791479750290178,
                "TPR@5%FPR": 4.780876494023905,
                "AUC": 50.29454912878645
            }
        },
        "Cuckoo": {
            "results": {
                "TPR@0.1%FPR": 4.497411561691113,
                "TPR@1%FPR": 37.106341673856775,
                "TPR@5%FPR": 72.55176876617774,
                "AUC": 88.4407557283722
            },
            "results_1": {
                "TPR@0.1%FPR": 4.497411561691113,
                "TPR@1%FPR": 37.106341673856775,
                "TPR@5%FPR": 72.55176876617774,
                "AUC": 88.4407557283722
            },
            "results_2": {
                "TPR@0.1%FPR": 0.08628127696289906,
                "TPR@1%FPR": 1.0946937014667817,
                "TPR@5%FPR": 4.9773511647972395,
                "AUC": 50.18772208063438
            }
        }
    },
    "Endpoint": {
        "results": {
            "TPR@0.1%FPR": 3.508771929824561,
            "TPR@1%FPR": 20.80200501253133,
            "TPR@5%FPR": 36.59147869674185,
            "AUC": 74.8694377511153
        },
        "results_1": {
            "TPR@0.1%FPR": 3.508771929824561,
            "TPR@1%FPR": 20.80200501253133,
            "TPR@5%FPR": 36.84210526315789,
            "AUC": 74.68986463209984
        },
        "results_2": {
            "TPR@0.1%FPR": 0.0,
            "TPR@1%FPR": 1.0025062656641603,
            "TPR@5%FPR": 5.513784461152882,
            "AUC": 50.01867154066224
        }
    }
}